{
  "access": "Everybody",
  "components": [
    {
      "col": 8,
      "content": "<html>\n<head>\n\t<title></title>\n</head>\n<body>\n<h2>Lab is being created an email will be sent shortly on connection details.</h2>\n\n<h2>&nbsp;</h2>\n\n<h2>In the meantime please check out the below education video on Azure</h2>\n\n<h2>&nbsp;</h2>\n\n<iframe src=\"https://channel9.msdn.com/Shows/Tuesdays-With-Corey/Tuesdays-with-Corey-M-Series-and-Nested-Virtualization-on-Azure/player\" width=\"560\" height=\"315\" allowFullScreen frameBorder=\"0\"></iframe>\n\n</body>\n</html>",
      "height": 593,
      "name": "html0",
      "row": 0,
      "section": null,
      "type": "html"
    }
  ],
  "name": "Lab Creation"
}