{
  "access": "Everybody",
  "components": [
    {
      "col": 12,
      "data": "",
      "events": {
        "cancel": [
          {
            "type": "back"
          }
        ],
        "submit": [
          {
            "code": "var url = \"https://s1events.azure-automation.net/webhooks?token=JzdlyEjL5YVCj224T%2bHHpGWx45LDjM6NU4AOhIYmERE%3d\";\nvar method = \"POST\";\n// var postData = \"Some data\";\n\n// You REALLY want async = true.\n// Otherwise, it'll block ALL execution waiting for server response.\nvar async = true;\n\nvar request = new XMLHttpRequest();\n\n// Before we send anything, we first have to say what we will do when the\n// server responds. This seems backwards (say how we'll respond before we send\n// the request? huh?), but that's how Javascript works.\n// This function attached to the XMLHttpRequest \"onload\" property specifies how\n// the HTTP response will be handled. \nrequest.onload = function () {\n\n   // Because of javascript's fabulous closure concept, the XMLHttpRequest \"request\"\n   // object declared above is available in this function even though this function\n   // executes long after the request is sent and long after this function is\n   // instantiated. This fact is CRUCIAL to the workings of XHR in ordinary\n   // applications.\n\n   // You can get all kinds of information about the HTTP response.\n   var status = request.status; // HTTP response status, e.g., 200 for \"200 OK\"\n   var data = request.responseText; // Returned data, e.g., an HTML document.\n}\n\nrequest.open(method, url, async);\n\nrequest.setRequestHeader(\"Content-Type\", \"application/json;charset=UTF-8\");\n// Or... request.setRequestHeader(\"Content-Type\", \"text/plain;charset=UTF-8\");\n// Or... whatever\n\n// Actually sends the request to the server.\nrequest.send;",
            "type": "execute"
          },
          {
            "height": 600,
            "path": "lab-creation",
            "type": "popup"
          }
        ]
      },
      "fields": [
        {
          "placeholder": "Jane Smith",
          "required": true,
          "title": "Name (First and Last)",
          "type": "string",
          "visible": ""
        },
        {
          "defaultValue": "",
          "placeholder": "someone@mail.com",
          "required": true,
          "title": "Email Address",
          "type": "string",
          "visible": ""
        },
        {
          "placeholder": "8285055080",
          "required": true,
          "title": "Phone Number",
          "type": "number"
        },
        {
          "multiple": true,
          "options": [
            {
              "text": "Course 105 - ADDC Management",
              "value": "105"
            },
            {
              "text": "Course 307 - Exchange Management",
              "value": "307"
            }
          ],
          "required": true,
          "title": "Course",
          "type": "selectbar",
          "visible": ""
        }
      ],
      "name": "form0",
      "row": 0,
      "section": null,
      "submitChangesOnly": false,
      "submitText": "Submit",
      "title": "SignUp for a course",
      "titleBackground": "",
      "titleColor": "#3f51b5",
      "type": "form",
      "updateDataOnChange": false,
      "visible": ""
    }
  ],
  "events": {
    "load": [
      {}
    ]
  },
  "name": "SignUp"
}